title,plot
Spy Movie,A spy navigates intrigue in Paris to stop a terrorist plot.
Romance in Paris,A couple falls in love in Paris under romantic circumstances.
Action Flick,A high-octane chase through New York with explosions.
Mystery Manor,A detective investigates a murder in an old countryside mansion.
Sci-Fi Odyssey,A team of astronauts travels through a wormhole to save humanity.
Comedy Night,A stand-up comedian faces personal struggles while making people laugh.
Horror House,Friends spend a night in a haunted house and encounter terrifying ghosts.
Fantasy Quest,A young hero embarks on a quest to defeat a dark sorcerer with magical powers.
Historical Drama,A soldier's journey during World War II explores courage and sacrifice.
Animated Adventure,Animals band together to save their forest from destruction.
Superhero Saga,A masked vigilante protects a city from a criminal mastermind.
Documentary Life,An inspiring look into the life of a famous inventor who changed the world.
